date,close_price
4/6/2015,207.83
4/7/2015,207.28
4/8/2015,207.975
4/9/2015,208.9
4/10/2015,210.04
4/13/2015,209.09
4/14/2015,209.49
4/15/2015,210.43
4/16/2015,210.37
4/17/2015,207.95
4/20/2015,209.85
4/21/2015,209.6
4/22/2015,210.63
4/23/2015,211.16
4/24/2015,211.6499
4/27/2015,210.77
4/28/2015,211.44
4/29/2015,210.57
4/30/2015,208.46
5/1/2015,210.72
5/4/2015,211.32
5/5/2015,208.9
5/6/2015,208.04
5/7/2015,208.87
5/8/2015,211.62
5/11/2015,210.605
5/12/2015,209.98
5/13/2015,210.02
5/14/2015,212.21
5/15/2015,212.44
5/18/2015,213.1
5/19/2015,213.03
5/20/2015,212.88
5/21/2015,213.5
5/22/2015,212.99
5/26/2015,210.7
5/27/2015,212.7
5/28/2015,212.46
5/29/2015,211.14
6/1/2015,211.57
6/2/2015,211.36
6/3/2015,211.92
6/4/2015,210.1292
6/5/2015,209.77
6/8/2015,208.48
6/9/2015,208.45
6/10/2015,210.95
6/11/2015,211.63
6/12/2015,210.01
6/15/2015,209.11
6/16/2015,210.25
6/17/2015,210.59
6/18/2015,212.78
6/19/2015,210.81
6/22/2015,211.89
6/23/2015,212.04
6/24/2015,210.5
6/25/2015,209.86
6/26/2015,209.82
6/29/2015,205.42
6/30/2015,205.85
7/1/2015,207.5
7/2/2015,207.31
7/6/2015,206.72
7/7/2015,208.02
7/8/2015,204.53
7/9/2015,204.9
7/10/2015,207.48
7/13/2015,209.77
7/14/2015,210.68
7/15/2015,210.61
7/16/2015,212.3
7/17/2015,212.48
7/20/2015,212.59
7/21/2015,211.75
7/22/2015,211.37
7/23/2015,210.18
7/24/2015,208
7/27/2015,206.79
7/28/2015,209.33
7/29/2015,210.77
7/30/2015,210.82
7/31/2015,210.5
8/3/2015,209.79
8/4/2015,209.38
8/5/2015,210.07
8/6/2015,208.35
8/7/2015,207.95
8/10/2015,210.57
8/11/2015,208.67
8/12/2015,208.92
8/13/2015,208.66
8/14/2015,209.42
8/17/2015,210.59
8/18/2015,209.98
8/19/2015,208.32
8/20/2015,203.97
8/21/2015,197.63
8/24/2015,189.5
8/25/2015,187.27
8/26/2015,194.46
8/27/2015,199.27
8/28/2015,199.28
8/31/2015,197.67
9/1/2015,191.77
9/2/2015,195.41
9/3/2015,195.55
9/4/2015,192.59
9/8/2015,197.43
9/9/2015,194.79
9/10/2015,195.85
9/11/2015,196.74
9/14/2015,196.01
9/15/2015,198.46
9/16/2015,200.18
9/17/2015,199.73
9/18/2015,195.45
9/21/2015,196.46
9/22/2015,193.91
9/23/2015,193.6
9/24/2015,192.9
9/25/2015,192.85
9/28/2015,188.01
9/29/2015,188.12
9/30/2015,191.63
10/1/2015,192.13
10/2/2015,195
10/5/2015,198.47
10/6/2015,197.79
10/7/2015,199.41
10/8/2015,201.21
10/9/2015,201.33
10/12/2015,201.52
10/13/2015,200.25
10/14/2015,199.29
10/15/2015,202.35
10/16/2015,203.27
10/19/2015,203.37
10/20/2015,203.09
10/21/2015,201.85
10/22/2015,205.26
10/23/2015,207.51
10/26/2015,207
10/27/2015,206.6
10/28/2015,208.95
10/29/2015,208.83
10/30/2015,207.93
11/2/2015,210.39
11/3/2015,211
11/4/2015,210.36
11/5/2015,210.15
11/6/2015,210.04
11/9/2015,208.08
11/10/2015,208.56
11/11/2015,207.74
11/12/2015,204.84
11/13/2015,202.54
11/16/2015,205.62
11/17/2015,205.47
11/18/2015,208.73
11/19/2015,208.55
11/20/2015,209.3108
11/23/2015,209.07
11/24/2015,209.35
11/25/2015,209.32
11/27/2015,209.56
11/30/2015,208.69
12/1/2015,210.68
12/2/2015,208.529
12/3/2015,205.61
12/4/2015,209.62
12/7/2015,208.35
12/8/2015,206.949
12/9/2015,205.34
12/10/2015,205.87
12/11/2015,201.88
12/14/2015,202.9008
12/15/2015,205.0308
12/16/2015,208.03
12/17/2015,204.86
12/18/2015,200.0208
12/21/2015,201.67
12/22/2015,203.5
12/23/2015,206.02
12/24/2015,205.68
12/28/2015,205.21
12/29/2015,207.4
12/30/2015,205.93
12/31/2015,203.87
1/4/2016,201.0192
1/5/2016,201.36
1/6/2016,198.82
1/7/2016,194.05
1/8/2016,191.923
1/11/2016,192.11
1/12/2016,193.6608
1/13/2016,188.83
1/14/2016,191.93
1/15/2016,187.81
1/19/2016,188.06
1/20/2016,185.65
1/21/2016,186.69
1/22/2016,190.52
1/25/2016,187.64
1/26/2016,190.2
1/27/2016,188.13
1/28/2016,189.11
1/29/2016,193.7208
2/1/2016,193.65
2/2/2016,190.16
2/3/2016,191.3
2/4/2016,191.6
2/5/2016,187.95
2/8/2016,185.42
2/9/2016,185.43
2/10/2016,185.27
2/11/2016,182.86
2/12/2016,186.63
2/16/2016,189.78
2/17/2016,192.88
2/18/2016,192.09
2/19/2016,192
2/22/2016,194.78
2/23/2016,192.32
2/24/2016,193.2
2/25/2016,195.54
2/26/2016,195.0892
2/29/2016,193.56
3/1/2016,198.11
3/2/2016,199
3/3/2016,199.775
3/4/2016,200.43
3/7/2016,200.59
3/8/2016,198.4
3/9/2016,199.38
3/10/2016,199.54
3/11/2016,202.76
3/14/2016,202.5
3/15/2016,202.17
3/16/2016,203.34
3/17/2016,204.63
3/18/2016,204.38
3/21/2016,204.67
3/22/2016,204.56
3/23/2016,203.2092
3/24/2016,203.12
3/28/2016,203.24
3/29/2016,205.1208
3/30/2016,206.02
3/31/2016,205.52
4/1/2016,206.92
4/4/2016,206.25
4/5/2016,204.1892
4/6/2016,206.42
4/7/2016,203.95
4/8/2016,204.4992
4/11/2016,204.0201
4/12/2016,205.92
4/13/2016,208.0008
4/14/2016,208.01
4/15/2016,207.78
4/18/2016,209.2392
4/19/2016,209.9
4/20/2016,210.1
4/21/2016,208.97
4/22/2016,208.97
4/25/2016,208.61
4/26/2016,208.9192
4/27/2016,209.35
4/28/2016,207.4475
4/29/2016,206.3308
5/2/2016,207.97
5/3/2016,206.1592
5/4/2016,205.01
5/5/2016,204.97
5/6/2016,205.72
5/9/2016,205.8892
5/10/2016,208.45
5/11/2016,206.5
5/12/2016,206.56
5/13/2016,204.76
5/16/2016,206.78
5/17/2016,204.8508
5/18/2016,204.91
5/19/2016,204.2
5/20/2016,205.49
5/23/2016,205.21
5/24/2016,207.87
5/25/2016,209.28
5/26/2016,209.34
5/27/2016,210.24
5/31/2016,209.84
6/1/2016,210.27
6/2/2016,210.91
6/3/2016,210.28
6/6/2016,211.35
6/7/2016,211.68
6/8/2016,212.37
6/9/2016,212.08
6/10/2016,210.07
6/13/2016,208.4492
6/14/2016,208.04
6/15/2016,207.75
6/16/2016,208.37
6/17/2016,206.52
6/20/2016,207.85
6/21/2016,208.44
6/22/2016,208.1
6/23/2016,210.81
6/24/2016,203.13
6/27/2016,199.6
6/28/2016,203.1997
6/29/2016,206.66
6/30/2016,209.475
7/1/2016,209.9208
7/5/2016,208.41
7/6/2016,209.66
7/7/2016,209.526
7/8/2016,212.65
7/11/2016,213.4
7/12/2016,214.95
7/13/2016,214.92
7/14/2016,216.12
7/15/2016,215.83
7/18/2016,216.4092
7/19/2016,216.19
7/20/2016,217.085
7/21/2016,216.265
7/22/2016,217.24
7/25/2016,216.65
7/26/2016,216.75
7/27/2016,216.52
7/28/2016,216.77
7/29/2016,217.12
8/1/2016,216.94
8/2/2016,215.5492
8/3/2016,216.18
8/4/2016,216.4097
8/5/2016,218.18
8/8/2016,218.05
8/9/2016,218.18
8/10/2016,217.64
8/11/2016,218.65
8/12/2016,218.46
8/15/2016,219.09
8/16/2016,217.96
8/17/2016,218.37
8/18/2016,218.86
8/19/2016,218.54
8/22/2016,218.53
8/23/2016,218.97
8/24/2016,217.85
8/25/2016,217.7
8/26/2016,217.29
8/29/2016,218.3608
8/30/2016,218
8/31/2016,217.38
9/1/2016,217.39
9/2/2016,218.37
9/6/2016,219.0308
9/7/2016,219.01
9/8/2016,218.51
9/9/2016,213.28
9/12/2016,216.34
9/13/2016,213.23
9/14/2016,213.15
9/15/2016,215.28
9/16/2016,213.37
9/19/2016,213.41
9/20/2016,213.42
9/21/2016,215.82
9/22/2016,217.18
9/23/2016,215.99
9/26/2016,214.24
9/27/2016,215.57
9/28/2016,216.64
9/29/2016,214.68
9/30/2016,216.3
10/3/2016,215.78
10/4/2016,214.68
10/5/2016,215.63
10/6/2016,215.78
10/7/2016,215.04
10/10/2016,216.16
10/11/2016,213.43
10/12/2016,213.71
10/13/2016,213.01
10/14/2016,213.12
10/17/2016,212.38
10/18/2016,213.71
10/19/2016,214.28
10/20/2016,213.88
10/21/2016,213.98
10/24/2016,214.89
10/25/2016,214.17
10/26/2016,213.74
10/27/2016,213.17
10/28/2016,212.54
10/31/2016,212.55
11/1/2016,211.01
11/2/2016,209.74
11/3/2016,208.78
11/4/2016,208.55
11/7/2016,213.15
11/8/2016,214.11
11/9/2016,216.3792
11/10/2016,216.92
11/11/2016,216.42
11/14/2016,216.59
11/15/2016,218.28
11/16/2016,217.87
11/17/2016,218.99
11/18/2016,218.5
11/21/2016,220.15
11/22/2016,220.58
11/23/2016,220.7
11/25/2016,221.52
11/28/2016,220.48
11/29/2016,220.91
11/30/2016,220.38
12/1/2016,219.57
12/2/2016,219.68
12/5/2016,221
12/6/2016,221.7
12/7/2016,224.6
12/8/2016,225.15
12/9/2016,226.51
12/12/2016,226.25
12/13/2016,227.76
12/14/2016,225.88
12/15/2016,226.81
12/16/2016,225.04
12/19/2016,225.53
12/20/2016,226.4
12/21/2016,225.77
12/22/2016,225.38
12/23/2016,225.71
12/27/2016,226.27
12/28/2016,224.4
12/29/2016,224.35
12/30/2016,223.53
1/3/2017,225.24
1/4/2017,226.58
1/5/2017,226.4
1/6/2017,227.21
1/9/2017,226.46
1/10/2017,226.46
1/11/2017,227.1
1/12/2017,226.53
1/13/2017,227.05
1/17/2017,226.25
1/18/2017,226.75
1/19/2017,225.91
1/20/2017,226.74
1/23/2017,226.15
1/24/2017,227.6
1/25/2017,229.57
1/26/2017,229.33
1/27/2017,228.97
1/30/2017,227.55
1/31/2017,227.53
2/1/2017,227.62
2/2/2017,227.77
2/3/2017,229.34
2/6/2017,228.93
2/7/2017,228.94
2/8/2017,229.24
2/9/2017,230.6
2/10/2017,231.51
2/13/2017,232.77
2/14/2017,233.7
2/15/2017,234.92
2/16/2017,234.72
2/17/2017,235.09
2/21/2017,236.49
2/22/2017,236.28
2/23/2017,236.44
2/24/2017,236.74
2/27/2017,237.11
2/28/2017,236.47
3/1/2017,239.78
3/2/2017,238.27
3/3/2017,238.42
3/6/2017,237.71
3/7/2017,237
3/8/2017,236.56
3/9/2017,236.86
3/10/2017,237.69
3/13/2017,237.81
3/14/2017,236.9
3/15/2017,238.95
3/16/2017,238.48
3/17/2017,237.03
3/20/2017,236.77
3/21/2017,233.73
3/22/2017,234.28
3/23/2017,234.03
3/24/2017,233.86
3/27/2017,233.62
3/28/2017,235.32
3/29/2017,235.54
3/30/2017,236.29
3/31/2017,235.74
4/3/2017,235.33
4/4/2017,235.48
4/5/2017,234.78
4/6/2017,235.44
4/7/2017,235.2
4/10/2017,235.34
4/11/2017,235.06
4/12/2017,234.03
4/13/2017,232.51
4/17/2017,234.57
4/18/2017,233.87
4/19/2017,233.44
4/20/2017,235.34
4/21/2017,234.59
4/24/2017,237.17
4/25/2017,238.55
4/26/2017,238.4
4/27/2017,238.6
4/28/2017,238.08
5/1/2017,238.68
5/2/2017,238.77
5/3/2017,238.48
5/4/2017,238.76
5/5/2017,239.7
5/8/2017,239.66
5/9/2017,239.44
5/10/2017,239.87
5/11/2017,239.38
5/12/2017,238.98
5/15/2017,240.3
5/16/2017,240.08
5/17/2017,235.82
5/18/2017,236.77
5/19/2017,238.31
5/22/2017,239.52
5/23/2017,240.05
5/24/2017,240.61
5/25/2017,241.76
5/26/2017,241.71
5/30/2017,241.5
5/31/2017,241.44
6/1/2017,243.36
6/2/2017,244.17
6/5/2017,243.99
6/6/2017,243.21
6/7/2017,243.66
6/8/2017,243.78
6/9/2017,243.41
6/12/2017,243.36
6/13/2017,244.55
6/14/2017,244.24
6/15/2017,243.77
6/16/2017,242.64
6/19/2017,244.66
6/20/2017,243.01
6/21/2017,242.95
6/22/2017,242.84
6/23/2017,243.13
6/26/2017,243.29
6/27/2017,241.33
6/28/2017,243.49
6/29/2017,241.35
6/30/2017,241.8
7/3/2017,242.21
7/5/2017,242.77
7/6/2017,240.55
7/7/2017,242.11
7/10/2017,242.37
7/11/2017,242.19
7/12/2017,244.01
7/13/2017,244.42
7/14/2017,245.56
7/17/2017,245.53
7/18/2017,245.66
7/19/2017,246.99
7/20/2017,247.1
7/21/2017,246.88
7/24/2017,246.82
7/25/2017,247.42
7/26/2017,247.43
7/27/2017,247.2
7/28/2017,246.91
7/31/2017,246.77
8/1/2017,247.32
8/2/2017,247.44
8/3/2017,246.96
8/4/2017,247.41
8/7/2017,247.87
8/8/2017,247.26
8/9/2017,247.25
8/10/2017,243.76
8/11/2017,244.12
8/14/2017,246.54
8/15/2017,246.51
8/16/2017,246.94
8/17/2017,243.09
8/18/2017,242.71
8/21/2017,242.9
8/22/2017,245.44
8/23/2017,244.56
8/24/2017,243.99
8/25/2017,244.56
8/28/2017,244.57
8/29/2017,244.85
8/30/2017,246.01
8/31/2017,247.49
9/1/2017,247.84
9/5/2017,246.06
9/6/2017,246.9
9/7/2017,246.87
9/8/2017,246.58
9/11/2017,249.21
9/12/2017,250.05
9/13/2017,250.17
9/14/2017,250.09
9/15/2017,249.19
9/18/2017,249.72
9/19/2017,249.97
9/20/2017,250.06
9/21/2017,249.39
9/22/2017,249.44
9/25/2017,248.93
9/26/2017,249.08
9/27/2017,250.05
9/28/2017,250.35
9/29/2017,251.23
10/2/2017,252.32
10/3/2017,252.86
10/4/2017,253.16
10/5/2017,254.66
10/6/2017,254.37
10/9/2017,253.95
10/10/2017,254.62
10/11/2017,255.02
10/12/2017,254.64
10/13/2017,254.95
10/16/2017,255.29
10/17/2017,255.47
10/18/2017,255.72
10/19/2017,255.79
10/20/2017,257.11
10/23/2017,256.11
10/24/2017,256.56
10/25/2017,255.29
10/26/2017,255.62
10/27/2017,257.71
10/30/2017,256.75
10/31/2017,257.15
11/1/2017,257.49
11/2/2017,257.59
11/3/2017,258.45
11/6/2017,258.85
11/7/2017,258.67
11/8/2017,259.11
11/9/2017,258.17
11/10/2017,258.09
11/13/2017,258.33
11/14/2017,257.73
11/15/2017,256.44
11/16/2017,258.62
11/17/2017,257.86
11/20/2017,258.3
11/21/2017,259.99
11/22/2017,259.76
11/24/2017,260.36
11/27/2017,260.23
11/28/2017,262.87
11/29/2017,262.71
11/30/2017,265.01
12/1/2017,264.46
12/4/2017,264.14
12/5/2017,263.19
12/6/2017,263.24
12/7/2017,264.07
12/8/2017,265.51
12/11/2017,266.31
12/12/2017,266.78
12/13/2017,266.75
12/14/2017,265.66
12/15/2017,266.51
12/18/2017,268.2
12/19/2017,267.17
12/20/2017,267.03
12/21/2017,267.58
12/22/2017,267.51
12/26/2017,267.19
12/27/2017,267.32
12/28/2017,267.87
12/29/2017,266.86
1/2/2018,268.77
1/3/2018,270.47
1/4/2018,271.61
1/5/2018,273.42
1/8/2018,273.92
1/9/2018,274.54
1/10/2018,274.12
1/11/2018,276.12
1/12/2018,277.92
1/16/2018,276.97
1/17/2018,279.61
1/18/2018,279.14
1/19/2018,280.41
1/22/2018,282.69
1/23/2018,283.29
1/24/2018,283.18
1/25/2018,283.3
1/26/2018,286.58
1/29/2018,284.68
1/30/2018,281.76
1/31/2018,281.9
2/1/2018,281.58
2/2/2018,275.45
2/5/2018,263.93
2/6/2018,269.13
2/7/2018,267.67
2/8/2018,257.63
2/9/2018,261.5
2/12/2018,265.34
2/13/2018,266
2/14/2018,269.59
2/15/2018,273.03
2/16/2018,273.11
2/20/2018,271.4
2/21/2018,270.05
2/22/2018,270.4
2/23/2018,274.71
2/26/2018,277.9
2/27/2018,274.43
2/28/2018,271.65
3/1/2018,267.7
3/2/2018,269.08
3/5/2018,272.19
3/6/2018,272.88
3/7/2018,272.78
3/8/2018,274.1
3/9/2018,278.87
3/12/2018,278.52
3/13/2018,276.72
3/14/2018,275.3
3/15/2018,275
3/16/2018,274.2
3/19/2018,270.49
3/20/2018,270.95
3/21/2018,270.43
3/22/2018,263.67
3/23/2018,258.05
3/26/2018,265.11
3/27/2018,260.6
3/28/2018,259.83
3/29/2018,263.15
4/2/2018,257.47
4/3/2018,260.77
4/4/2018,263.56
4/5/2018,265.64
4/6/2018,259.72
4/9/2018,261
4/10/2018,265.15
4/11/2018,263.76
4/12/2018,265.93
4/13/2018,265.15
4/16/2018,267.33
4/17/2018,270.19
4/18/2018,270.39
4/19/2018,268.89
4/20/2018,266.61
4/23/2018,266.57
4/24/2018,262.98
4/25/2018,263.63
4/26/2018,266.31
4/27/2018,266.56
4/30/2018,264.51
5/1/2018,264.98
5/2/2018,263.2
5/3/2018,262.62
5/4/2018,266.02
5/7/2018,266.92
5/8/2018,266.92
5/9/2018,269.5
5/10/2018,272.02
5/11/2018,272.85
5/14/2018,272.98
5/15/2018,271.1
5/16/2018,272.24
5/17/2018,272.01
5/18/2018,271.33
5/21/2018,273.37
5/22/2018,272.61
5/23/2018,273.36
5/24/2018,272.8
5/25/2018,272.15
5/29/2018,269.02
5/30/2018,272.61
5/31/2018,270.94
6/1/2018,273.6
6/4/2018,274.9
6/5/2018,275.1
6/6/2018,277.4
6/7/2018,277.37
6/8/2018,278.19
6/11/2018,278.56
6/12/2018,278.92
6/13/2018,278.03
6/14/2018,278.73
6/15/2018,277.13
6/18/2018,276.56
6/19/2018,275.5
6/20/2018,275.97
6/21/2018,274.24
6/22/2018,274.74
6/25/2018,271
6/26/2018,271.6
6/27/2018,269.35
6/28/2018,270.89
6/29/2018,271.28
7/2/2018,271.86
7/3/2018,270.9
7/5/2018,273.11
7/6/2018,275.42
7/9/2018,277.9
7/10/2018,278.9
7/11/2018,276.86
7/12/2018,279.37
7/13/2018,279.59
7/16/2018,279.34
7/17/2018,280.47
7/18/2018,281.06
7/19/2018,280
7/20/2018,279.68
7/23/2018,280.2
7/24/2018,281.61
7/25/2018,284.01
7/26/2018,283.34
7/27/2018,281.42
7/30/2018,279.95
7/31/2018,281.33
8/1/2018,280.86
8/2/2018,282.39
8/3/2018,283.6
8/6/2018,284.64
8/7/2018,285.58
8/8/2018,285.46
8/9/2018,285.07
8/10/2018,283.16
8/13/2018,282.1
8/14/2018,283.9
8/15/2018,281.78
8/16/2018,284.06
8/17/2018,285.06
8/20/2018,285.67
8/21/2018,286.34
8/22/2018,286.17
8/23/2018,285.79
8/24/2018,287.51
8/27/2018,289.78
8/28/2018,289.92
8/29/2018,291.48
8/30/2018,290.3
8/31/2018,290.31
9/4/2018,289.81
9/5/2018,289.03
9/6/2018,288.16
9/7/2018,287.6
9/10/2018,288.1
9/11/2018,289.05
9/12/2018,289.12
9/13/2018,290.83
9/14/2018,290.88
9/17/2018,289.34
9/18/2018,290.91
9/19/2018,291.22
9/20/2018,293.58
9/21/2018,291.99
9/24/2018,291.02
9/25/2018,290.75
9/26/2018,289.88
9/27/2018,290.69
9/28/2018,290.72
10/1/2018,291.73
10/2/2018,291.56
10/3/2018,291.72
10/4/2018,289.44
10/5/2018,287.82
10/8/2018,287.82
10/9/2018,287.4
10/10/2018,278.3
10/11/2018,272.17
10/12/2018,275.95
10/15/2018,274.4
10/16/2018,280.4
10/17/2018,280.45
10/18/2018,276.4
10/19/2018,276.25
10/22/2018,275.01
10/23/2018,273.61
10/24/2018,265.32
10/25/2018,270.08
10/26/2018,265.33
10/29/2018,263.86
10/30/2018,267.77
10/31/2018,270.63
11/1/2018,273.51
11/2/2018,271.89
11/5/2018,273.39
11/6/2018,275.12
11/7/2018,281.01
11/8/2018,280.5
11/9/2018,277.76
11/12/2018,272.57
11/13/2018,272.06
11/14/2018,270.2
11/15/2018,273.02
11/16/2018,273.73
11/19/2018,269.1
11/20/2018,264.12
11/21/2018,265.02
11/23/2018,263.25
11/26/2018,267.5
11/27/2018,268.4
11/28/2018,274.58
11/29/2018,273.98
11/30/2018,275.65
12/3/2018,279.3
12/4/2018,270.25
12/6/2018,269.84
12/7/2018,263.57
12/10/2018,264.07
12/11/2018,264.13
12/12/2018,265.46
12/13/2018,265.37
12/14/2018,260.47
12/17/2018,255.36
12/18/2018,255.08
12/19/2018,251.26
12/20/2018,247.17
12/21/2018,240.7
12/24/2018,234.34
12/26/2018,246.18
12/27/2018,248.07
12/28/2018,247.75
12/31/2018,249.92
1/2/2019,250.18
1/3/2019,244.21
1/4/2019,252.39
1/7/2019,254.38
1/8/2019,256.77
1/9/2019,257.97
1/10/2019,258.88
1/11/2019,258.98
1/14/2019,257.4
1/15/2019,260.35
1/16/2019,260.98
1/17/2019,262.96
1/18/2019,266.46
1/22/2019,262.86
1/23/2019,263.41
1/24/2019,263.55
1/25/2019,265.78
1/28/2019,263.76
1/29/2019,263.41
1/30/2019,267.58
1/31/2019,269.93
2/1/2019,270.06
2/4/2019,271.96
2/5/2019,273.1
2/6/2019,272.74
2/7/2019,270.14
2/8/2019,270.47
2/11/2019,270.62
2/12/2019,274.1
2/13/2019,274.99
2/14/2019,274.38
2/15/2019,277.37
2/19/2019,277.85
2/20/2019,278.41
2/21/2019,277.42
2/22/2019,279.14
2/25/2019,279.52
2/26/2019,279.32
2/27/2019,279.2
2/28/2019,278.68
3/1/2019,280.42
3/4/2019,279.4
3/5/2019,279.02
3/6/2019,277.33
3/7/2019,275.01
3/8/2019,274.46
3/11/2019,278.44
3/12/2019,279.49
3/13/2019,281.34
3/14/2019,281.16
3/15/2019,281.31
3/18/2019,282.33
3/19/2019,282.4
3/20/2019,281.55
3/21/2019,284.73
3/22/2019,279.25
3/25/2019,279.04
3/26/2019,281.12
3/27/2019,279.65
3/28/2019,280.71
3/29/2019,282.48
4/1/2019,285.83
4/2/2019,285.97
4/3/2019,286.42
4/4/2019,287.18
4/5/2019,288.57
4/8/2019,288.79
4/9/2019,287.31
4/10/2019,288.29
4/11/2019,288.21
4/12/2019,290.16
4/15/2019,289.97
4/16/2019,290.16
4/17/2019,289.45
4/18/2019,290.02
4/22/2019,290.27
4/23/2019,292.88
4/24/2019,292.23
4/25/2019,292.05
4/26/2019,293.41
4/29/2019,293.87
4/30/2019,294.02
5/1/2019,291.81
5/2/2019,291.18
5/3/2019,294.03
5/6/2019,292.82
5/7/2019,287.93
5/8/2019,287.53
5/9/2019,286.66
5/10/2019,288.1
5/13/2019,280.86
5/14/2019,283.4
5/15/2019,285.06
5/16/2019,287.7
5/17/2019,285.84
5/20/2019,283.95
5/21/2019,286.51
5/22/2019,285.63
5/23/2019,282.14
5/24/2019,282.78
5/28/2019,280.15
5/29/2019,278.27
5/30/2019,279.03
5/31/2019,275.27
6/3/2019,274.57
6/4/2019,280.53
6/5/2019,282.96
6/6/2019,284.8
6/7/2019,287.65
6/10/2019,288.97
6/11/2019,288.9
6/12/2019,288.39
6/13/2019,289.58
6/14/2019,289.26
6/17/2019,289.37
6/18/2019,292.4
6/19/2019,293.06
6/20/2019,295.86
6/21/2019,294
6/24/2019,293.64
6/25/2019,290.76
6/26/2019,290.47
6/27/2019,291.5
6/28/2019,293
7/1/2019,295.66
7/2/2019,296.43
7/3/2019,298.8
7/5/2019,298.46
7/8/2019,296.82
7/9/2019,297.19
7/10/2019,298.61
7/11/2019,299.31
7/12/2019,300.65
7/15/2019,300.75
7/16/2019,299.71
7/17/2019,297.74
7/18/2019,298.83
7/19/2019,297.17
7/22/2019,297.9
7/23/2019,300.03
7/24/2019,301.44
7/25/2019,300
7/26/2019,302.01
7/29/2019,301.46
7/30/2019,300.72
7/31/2019,297.43
8/1/2019,294.84
8/2/2019,292.62
8/5/2019,283.82
8/6/2019,287.8
8/7/2019,287.97
8/8/2019,293.62
8/9/2019,291.62
8/12/2019,288.07
8/13/2019,292.55
8/14/2019,283.9
8/15/2019,284.65
8/16/2019,288.85
8/19/2019,292.33
8/20/2019,290.09
8/21/2019,292.45
8/22/2019,292.36
8/23/2019,284.85
8/26/2019,288
8/27/2019,286.87
8/28/2019,288.89
8/29/2019,292.58
8/30/2019,292.45
9/3/2019,290.74
9/4/2019,294.04
9/5/2019,297.82
9/6/2019,298.05
9/9/2019,298.2
9/10/2019,298.13
9/11/2019,300.25
9/12/2019,301.29
9/13/2019,301.09
9/16/2019,300.16
9/17/2019,300.92
9/18/2019,301.1
9/19/2019,301.08
9/20/2019,298.28
9/23/2019,298.21
9/24/2019,295.87
9/25/2019,297.62
9/26/2019,297
9/27/2019,295.4
9/30/2019,296.77
10/1/2019,293.24
10/2/2019,288.06
10/3/2019,290.42
10/4/2019,294.35
10/7/2019,293.08
10/8/2019,288.53
10/9/2019,291.27
10/10/2019,293.24
10/11/2019,296.28
10/14/2019,295.95
10/15/2019,298.88
10/16/2019,298.4
10/17/2019,299.28
10/18/2019,297.97
10/21/2019,299.99
10/22/2019,299.01
10/23/2019,299.88
10/24/2019,300.37
10/25/2019,301.6
10/28/2019,303.3
10/29/2019,303.21
10/30/2019,304.14
10/31/2019,303.33
11/1/2019,306.14
11/4/2019,307.37
11/5/2019,307.03
11/6/2019,307.1
11/7/2019,308.18
11/8/2019,308.94
11/11/2019,308.35
11/12/2019,309
11/13/2019,309.1
11/14/2019,309.55
11/15/2019,311.79
11/18/2019,312.02
11/19/2019,311.93
11/20/2019,310.77
11/21/2019,310.27
11/22/2019,310.96
11/25/2019,313.37
11/26/2019,314.08
11/27/2019,315.48
11/29/2019,314.31
12/2/2019,311.64
12/3/2019,309.55
12/4/2019,311.46
12/5/2019,312.02
12/6/2019,314.87
12/9/2019,313.88
12/10/2019,313.53
12/11/2019,314.42
12/12/2019,317.13
12/13/2019,317.32
12/16/2019,319.5
12/17/2019,319.57
12/18/2019,319.59
12/19/2019,320.9
12/20/2019,320.73
12/23/2019,321.22
12/24/2019,321.23
12/26/2019,322.94
12/27/2019,322.86
12/30/2019,321.08
12/31/2019,321.86
1/2/2020,324.87
1/3/2020,322.41
1/6/2020,323.64
1/7/2020,322.73
1/8/2020,324.45
1/9/2020,326.65
1/10/2020,325.71
1/13/2020,327.95
1/14/2020,327.45
1/15/2020,328.19
1/16/2020,330.92
1/17/2020,331.95
1/21/2020,331.3
1/22/2020,331.34
1/23/2020,331.72
1/24/2020,328.77
1/27/2020,323.5
1/28/2020,326.89
1/29/2020,326.62
1/30/2020,327.68
1/31/2020,321.73
2/3/2020,324.12
2/4/2020,329.06
2/5/2020,332.86
2/6/2020,333.98
2/7/2020,332.2
2/10/2020,334.68
2/11/2020,335.26
2/12/2020,337.42
2/13/2020,337.06
2/14/2020,337.6
2/18/2020,336.73
2/19/2020,338.34
2/20/2020,336.95
2/21/2020,333.48
2/24/2020,322.42
2/25/2020,312.65
2/26/2020,311.5
2/27/2020,297.51
2/28/2020,296.26
3/2/2020,309.09
3/3/2020,300.24
3/4/2020,312.86
3/5/2020,302.46
3/6/2020,297.46
3/9/2020,274.23
3/10/2020,288.42
3/11/2020,274.36
3/12/2020,248.11
3/13/2020,269.32
3/16/2020,239.85
3/17/2020,252.8
3/18/2020,240
3/19/2020,240.51
3/20/2020,228.8
3/23/2020,222.95
3/24/2020,243.15
3/25/2020,246.79
3/26/2020,261.2
3/27/2020,253.42
3/30/2020,261.65
3/31/2020,257.75
4/1/2020,246.15
4/2/2020,251.83
4/3/2020,248.19
4/6/2020,264.86
4/7/2020,265.13
4/8/2020,274.03
4/9/2020,278.2
4/13/2020,275.66
4/14/2020,283.79
4/15/2020,277.76
4/16/2020,279.1
4/17/2020,286.64
4/20/2020,281.59
4/21/2020,273.04
4/22/2020,279.1
4/23/2020,279.08
4/24/2020,282.97
4/27/2020,287.05
4/28/2020,285.73
4/29/2020,293.21
4/30/2020,290.48
5/1/2020,282.79
5/4/2020,283.57
5/5/2020,286.19
5/6/2020,284.25
5/7/2020,287.68
5/8/2020,292.44
5/11/2020,292.5
5/12/2020,286.67
5/13/2020,281.6
5/14/2020,284.97
5/15/2020,286.28
5/18/2020,295
5/19/2020,291.97
5/20/2020,296.93
5/21/2020,294.88
5/22/2020,295.44
5/26/2020,299.08
5/27/2020,303.53
5/28/2020,302.97
5/29/2020,304.32
6/1/2020,305.55
6/2/2020,308.08
6/3/2020,312.18
6/4/2020,311.36
6/5/2020,319.34
6/8/2020,323.2
6/9/2020,320.79
6/10/2020,319
6/11/2020,300.61
6/12/2020,304.21
6/15/2020,307.05
6/16/2020,312.96
6/17/2020,311.66
6/18/2020,311.78
6/19/2020,308.64
6/22/2020,310.62
6/23/2020,312.05
6/24/2020,304.09
6/25/2020,307.35
6/26/2020,300.05
6/29/2020,304.46
6/30/2020,308.36
7/1/2020,310.52
7/2/2020,312.23
7/6/2020,317.05
7/7/2020,313.78
7/8/2020,316.18
7/9/2020,314.38
7/10/2020,317.59
7/13/2020,314.84
7/14/2020,318.92
7/15/2020,321.85
7/16/2020,320.79
7/17/2020,321.72
7/20/2020,324.32
7/21/2020,325.01
7/22/2020,326.86
7/23/2020,322.96
7/24/2020,320.88
7/27/2020,323.22
7/28/2020,321.17
7/29/2020,325.12
7/30/2020,323.96
7/31/2020,326.52
8/3/2020,328.79
8/4/2020,330.06
8/5/2020,332.11
8/6/2020,334.33
8/7/2020,334.57
8/10/2020,335.57
8/11/2020,332.8
8/12/2020,337.44
8/13/2020,336.83
8/14/2020,336.84
8/17/2020,337.91
8/18/2020,338.64
8/19/2020,337.23
8/20/2020,338.28
8/21/2020,339.48
8/24/2020,342.92
8/25/2020,344.12
8/26/2020,347.57
8/27/2020,348.33
8/28/2020,350.58
8/31/2020,349.31
9/1/2020,352.6
9/2/2020,357.7
9/3/2020,345.39
9/4/2020,342.57
9/8/2020,333.21
9/9/2020,339.79
9/10/2020,333.89
9/11/2020,334.06
9/14/2020,338.46
9/15/2020,340.17
9/16/2020,338.82
9/17/2020,335.84
9/18/2020,330.65
9/21/2020,326.97
9/22/2020,330.3
9/23/2020,322.64
9/24/2020,323.5
9/25/2020,328.73
9/28/2020,334.19
9/29/2020,332.37
9/30/2020,334.89
10/1/2020,337.04
10/2/2020,333.84
10/5/2020,339.76
10/6/2020,334.93
10/7/2020,340.76
10/8/2020,343.78
10/9/2020,346.85
10/12/2020,352.43
10/13/2020,350.13
10/14/2020,347.93
10/15/2020,347.5
10/16/2020,347.29
10/19/2020,342.01
10/20/2020,343.38
10/21/2020,342.73
10/22/2020,344.61
10/23/2020,345.78
10/26/2020,339.39
10/27/2020,338.22
10/28/2020,326.66
10/29/2020,329.98
10/30/2020,326.54
11/2/2020,330.2
11/3/2020,336.03
11/4/2020,343.54
11/5/2020,350.24
11/6/2020,350.16
11/9/2020,354.56
11/10/2020,354.04
11/11/2020,356.67
11/12/2020,353.21
11/13/2020,358.1
11/16/2020,362.57
11/17/2020,360.62
11/18/2020,356.28
11/19/2020,357.78
11/20/2020,355.33
11/23/2020,357.46
11/24/2020,363.22
11/25/2020,362.66
11/27/2020,363.67
11/30/2020,362.06
12/1/2020,366.02
12/2/2020,366.79
12/3/2020,366.69
12/4/2020,369.85
12/7/2020,369.09
12/8/2020,370.17
12/9/2020,366.85
12/10/2020,366.73
12/11/2020,366.3
12/14/2020,364.66
12/15/2020,369.59
12/16/2020,370.17
12/17/2020,372.24
12/18/2020,369.18
12/21/2020,367.86
12/22/2020,367.24
12/23/2020,367.57
12/24/2020,369
12/28/2020,372.17
12/29/2020,371.46
12/30/2020,371.99
12/31/2020,373.88
1/4/2021,368.79
1/5/2021,371.33
1/6/2021,373.55
1/7/2021,379.1
1/8/2021,381.26
1/11/2021,378.69
1/12/2021,378.77
1/13/2021,379.79
1/14/2021,378.46
1/15/2021,375.7
1/19/2021,378.65
1/20/2021,383.89
1/21/2021,384.24
1/22/2021,382.88
1/25/2021,384.39
1/26/2021,383.79
1/27/2021,374.41
1/28/2021,377.63
1/29/2021,370.07
2/1/2021,376.23
2/2/2021,381.55
2/3/2021,381.85
2/4/2021,386.19
2/5/2021,387.71
2/8/2021,390.51
2/9/2021,390.25
2/10/2021,390.08
2/11/2021,390.71
2/12/2021,392.64
2/16/2021,392.3
2/17/2021,392.39
2/18/2021,390.72
2/19/2021,390.03
2/22/2021,387.03
2/23/2021,387.5
2/24/2021,391.77
2/25/2021,382.33
2/26/2021,380.36
3/1/2021,389.58
3/2/2021,386.54
3/3/2021,381.42
3/4/2021,376.7
3/5/2021,383.63
3/8/2021,381.72
3/9/2021,387.17
3/10/2021,389.58
3/11/2021,393.53
3/12/2021,394.06
3/15/2021,396.41
3/16/2021,395.91
3/17/2021,397.26
3/18/2021,391.48
3/19/2021,389.48
3/22/2021,392.59
3/23/2021,389.5
3/24/2021,387.52
3/25/2021,389.7
3/26/2021,395.98
3/29/2021,395.78
3/30/2021,394.73
3/31/2021,396.33
4/1/2021,400.61
4/5/2021,406.36
4/6/2021,406.12
4/7/2021,406.59
4/8/2021,408.52
4/9/2021,411.49
4/12/2021,411.64
4/13/2021,412.86
4/14/2021,411.45
4/15/2021,415.87
4/16/2021,417.26
4/19/2021,415.21
4/20/2021,412.17
4/21/2021,416.07
4/22/2021,412.27
4/23/2021,416.74
4/26/2021,417.61
4/27/2021,417.52
4/28/2021,417.4
4/29/2021,420.06
4/30/2021,417.3
5/3/2021,418.2
5/4/2021,415.62
5/5/2021,415.75
5/6/2021,419.07
5/7/2021,422.12
5/10/2021,417.94
5/11/2021,414.21
5/12/2021,405.41
5/13/2021,410.28
5/14/2021,416.58
5/17/2021,415.52
5/18/2021,411.94
5/19/2021,410.86
5/20/2021,415.28
5/21/2021,414.94
5/24/2021,419.17
5/25/2021,418.24
5/26/2021,419.07
5/27/2021,419.29
5/28/2021,420.04
6/1/2021,419.67
6/2/2021,420.33
6/3/2021,418.77
6/4/2021,422.6
6/7/2021,422.19
6/8/2021,422.28
6/9/2021,421.65
6/10/2021,423.61
6/11/2021,424.31
6/14/2021,425.26
6/15/2021,424.48
6/16/2021,422.11
6/17/2021,421.97
6/18/2021,414.92
6/21/2021,420.86
6/22/2021,423.11
6/23/2021,422.6
6/24/2021,425.1
6/25/2021,426.61
6/28/2021,427.47
6/29/2021,427.7
6/30/2021,428.06
7/1/2021,430.43
7/2/2021,433.72
7/6/2021,432.93
7/7/2021,434.46
7/8/2021,430.92
7/9/2021,435.52
7/12/2021,437.08
7/13/2021,435.59
7/14/2021,436.24
7/15/2021,434.75
7/16/2021,431.34
7/19/2021,424.97
7/20/2021,431.06
7/21/2021,434.55
7/22/2021,435.46
7/23/2021,439.94
7/26/2021,441.02
7/27/2021,439.01
7/28/2021,438.83
7/29/2021,440.65
7/30/2021,438.51
8/2/2021,437.59
8/3/2021,441.15
8/4/2021,438.98
8/5/2021,441.76
8/6/2021,442.49
8/9/2021,442.13
8/10/2021,442.68
8/11/2021,443.78
8/12/2021,445.11
8/13/2021,445.92
8/16/2021,446.97
8/17/2021,444.04
8/18/2021,439.18
8/19/2021,439.86
8/20/2021,443.36
8/23/2021,447.26
8/24/2021,447.97
8/25/2021,448.91
8/26/2021,446.26
8/27/2021,450.25
8/30/2021,452.23
8/31/2021,451.56
9/1/2021,451.8
9/2/2021,453.19
9/3/2021,453.08
9/7/2021,451.46
9/8/2021,450.91
9/9/2021,448.98
9/10/2021,445.44
9/13/2021,446.58
9/14/2021,444.17
9/15/2021,447.88
9/16/2021,447.17
9/17/2021,441.4
9/20/2021,434.04
9/21/2021,433.63
9/22/2021,437.86
9/23/2021,443.18
9/24/2021,443.91
9/27/2021,442.64
9/28/2021,433.72
9/29/2021,434.45
9/30/2021,429.14
10/1/2021,434.24
10/4/2021,428.64
10/5/2021,433.1
10/6/2021,434.9
10/7/2021,438.66
10/8/2021,437.86
10/11/2021,434.69
10/12/2021,433.62
10/13/2021,435.18
10/14/2021,442.5
10/15/2021,445.87
10/18/2021,447.19
10/19/2021,450.64
10/20/2021,452.41
10/21/2021,453.59
10/22/2021,453.12
10/25/2021,455.55
10/26/2021,455.96
10/27/2021,453.94
10/28/2021,458.32
10/29/2021,459.25
11/1/2021,460.04
11/2/2021,461.9
11/3/2021,464.72
11/4/2021,466.91
11/5/2021,468.53
11/8/2021,468.93
11/9/2021,467.38
11/10/2021,463.62
11/11/2021,463.77
11/12/2021,467.27
11/15/2021,467.43
11/16/2021,469.28
11/17/2021,468.14
11/18/2021,469.73
11/19/2021,468.89
11/22/2021,467.57
11/23/2021,468.19
11/24/2021,469.44
11/26/2021,458.97
11/29/2021,464.6
11/30/2021,455.56
12/1/2021,450.5
12/2/2021,457.4
12/3/2021,453.42
12/6/2021,458.79
12/7/2021,468.28
12/8/2021,469.52
12/9/2021,466.35
12/10/2021,470.74
12/13/2021,466.57
12/14/2021,463.36
12/15/2021,470.6
12/16/2021,466.45
12/17/2021,459.87
12/20/2021,454.98
12/21/2021,463.06
12/22/2021,467.69
12/23/2021,470.6
12/27/2021,477.26
12/28/2021,476.87
12/29/2021,477.48
12/30/2021,476.16
12/31/2021,474.96
1/3/2022,477.71
1/4/2022,477.55
1/5/2022,468.38
1/6/2022,467.94
1/7/2022,466.09
1/10/2022,465.51
1/11/2022,469.75
1/12/2022,471.02
1/13/2022,464.53
1/14/2022,464.72
1/18/2022,456.49
1/19/2022,451.75
1/20/2022,446.75
1/21/2022,437.98
1/24/2022,439.84
1/25/2022,434.47
1/26/2022,433.38
1/27/2022,431.24
1/28/2022,441.95
1/31/2022,449.91
2/1/2022,452.95
2/2/2022,457.35
2/3/2022,446.6
2/4/2022,448.7
2/7/2022,447.26
2/8/2022,450.94
2/9/2022,457.54
2/10/2022,449.32
2/11/2022,440.46
2/14/2022,439.02
2/15/2022,446.1
2/16/2022,446.6
2/17/2022,437.06
2/18/2022,434.23
2/22/2022,429.57
2/23/2022,421.95
2/24/2022,428.3
2/25/2022,437.75
2/28/2022,436.63
3/1/2022,429.98
3/2/2022,437.89
3/3/2022,435.71
3/4/2022,432.17
3/7/2022,419.43
3/8/2022,416.25
3/9/2022,427.41
3/10/2022,425.48
3/11/2022,420.07
3/14/2022,417
3/15/2022,426.17
3/16/2022,435.62
3/17/2022,441.07
3/18/2022,444.52
3/21/2022,444.39
3/22/2022,449.59
3/23/2022,443.8
3/24/2022,450.49
3/25/2022,452.69
3/28/2022,455.91
3/29/2022,461.55
3/30/2022,458.7
3/31/2022,451.64
4/1/2022,452.92
4/4/2022,456.8
4/5/2022,451.03
4/6/2022,446.52
4/7/2022,448.77
4/8/2022,447.57
4/11/2022,439.92
4/12/2022,438.29
4/13/2022,443.31
4/14/2022,437.79
4/18/2022,437.97
4/19/2022,445.04
4/20/2022,444.71
4/21/2022,438.06
4/22/2022,426.04
4/25/2022,428.51
4/26/2022,416.1
4/27/2022,417.27
4/28/2022,427.81
4/29/2022,412
5/2/2022,414.48
5/3/2022,416.38
5/4/2022,429.06
5/5/2022,413.81
5/6/2022,411.34
5/9/2022,398.17
5/10/2022,399.09
5/11/2022,392.75
5/12/2022,392.34
5/13/2022,401.72
5/16/2022,400.09
5/17/2022,408.32
5/18/2022,391.86
5/19/2022,389.46
5/20/2022,389.63
5/23/2022,396.92
5/24/2022,393.89
5/25/2022,397.37
5/26/2022,405.31
5/27/2022,415.26
5/31/2022,412.93
6/1/2022,409.59
6/2/2022,417.39
6/3/2022,410.54
6/6/2022,411.79
6/7/2022,415.74
6/8/2022,411.22
6/9/2022,401.44
6/10/2022,389.8
6/13/2022,375
6/14/2022,373.87
6/15/2022,379.2
6/16/2022,366.65
6/17/2022,365.86
6/21/2022,375.07
6/22/2022,374.39
6/23/2022,378.06
6/24/2022,390.08
6/27/2022,388.59
6/28/2022,380.65
6/29/2022,380.34
6/30/2022,377.25
7/1/2022,381.24
7/5/2022,381.96
7/6/2022,383.25
7/7/2022,388.99
7/8/2022,388.67
7/11/2022,384.23
7/12/2022,380.83
7/13/2022,378.83
7/14/2022,377.91
7/15/2022,385.13
7/18/2022,381.95
7/19/2022,392.27
7/20/2022,394.77
7/21/2022,398.79
7/22/2022,395.09
7/25/2022,395.57
7/26/2022,390.89
7/27/2022,401.04
7/28/2022,406.07
7/29/2022,411.99
8/1/2022,410.77
8/2/2022,408.06
8/3/2022,414.45
8/4/2022,414.17
8/5/2022,413.47
8/8/2022,412.99
8/9/2022,411.35
8/10/2022,419.99
8/11/2022,419.99
8/12/2022,427.1
8/15/2022,428.86
8/16/2022,429.7
8/17/2022,426.65
8/18/2022,427.89
8/19/2022,422.14
8/22/2022,413.35
8/23/2022,412.35
8/24/2022,413.67
8/25/2022,419.51
8/26/2022,405.31
8/29/2022,402.63
8/30/2022,398.21
8/31/2022,395.18
9/1/2022,396.42
9/2/2022,392.24
9/6/2022,390.76
9/7/2022,397.78
9/8/2022,400.38
9/9/2022,406.6
9/12/2022,410.97
9/13/2022,393.1
9/14/2022,394.6
9/15/2022,390.12
9/16/2022,385.56
9/19/2022,388.55
9/20/2022,384.09
9/21/2022,377.39
9/22/2022,374.22
9/23/2022,367.95
9/26/2022,364.31
9/27/2022,363.38
9/28/2022,370.53
9/29/2022,362.79
9/30/2022,357.18
10/3/2022,366.61
10/4/2022,377.97
10/5/2022,377.09
10/6/2022,373.2
10/7/2022,362.79
10/10/2022,360.02
10/11/2022,357.74
10/12/2022,356.56
10/13/2022,365.97
10/14/2022,357.63
10/17/2022,366.82
10/18/2022,371.13
10/19/2022,368.5
10/20/2022,365.41
10/21/2022,374.29
10/24/2022,378.87
10/25/2022,384.92
10/26/2022,382.02
10/27/2022,379.98
10/28/2022,389.02
10/31/2022,386.21
11/1/2022,384.52
11/2/2022,374.87
11/3/2022,371.01
11/4/2022,376.35
11/7/2022,379.95
11/8/2022,382
11/9/2022,374.13
11/10/2022,394.69
11/11/2022,398.51
11/14/2022,395.12
11/15/2022,398.49
11/16/2022,395.45
11/17/2022,394.24
11/18/2022,396.03
11/21/2022,394.59
11/22/2022,399.9
11/23/2022,402.42
11/25/2022,402.33
11/28/2022,395.91
11/29/2022,395.23
11/30/2022,407.68
12/1/2022,407.38
12/2/2022,406.91
12/5/2022,399.59
12/6/2022,393.83
12/7/2022,393.16
12/8/2022,396.24
12/9/2022,393.28
12/12/2022,398.95
12/13/2022,401.97
12/14/2022,399.4
12/15/2022,389.63
12/16/2022,383.27
12/19/2022,380.02
12/20/2022,380.54
12/21/2022,386.23
12/22/2022,380.72
12/23/2022,382.91
12/27/2022,381.4
12/28/2022,376.66
12/29/2022,383.44
12/30/2022,382.43
1/3/2023,380.82
1/4/2023,383.76
1/5/2023,379.38
1/6/2023,388.08
1/9/2023,387.86
1/10/2023,390.58
1/11/2023,395.52
1/12/2023,396.96
1/13/2023,398.5
1/17/2023,397.77
1/18/2023,391.49
1/19/2023,388.64
1/20/2023,395.88
1/23/2023,400.63
1/24/2023,400.2
1/25/2023,400.35
1/26/2023,404.75
1/27/2023,405.68
1/30/2023,400.59
1/31/2023,406.48
2/1/2023,410.8
2/2/2023,416.78
2/3/2023,412.35
2/6/2023,409.83
2/7/2023,415.19
2/8/2023,410.65
2/9/2023,407.09
2/10/2023,408.04
2/13/2023,412.83
2/14/2023,412.64
2/15/2023,413.98
2/16/2023,408.28
2/17/2023,407.26
2/21/2023,399.09
2/22/2023,398.54
2/23/2023,400.66
2/24/2023,396.38
2/27/2023,397.73
2/28/2023,396.26
3/1/2023,394.74
3/2/2023,397.81
3/3/2023,404.19
3/6/2023,404.47
3/7/2023,398.27
3/8/2023,398.92
3/9/2023,391.56
3/10/2023,385.91
3/13/2023,385.36
3/14/2023,391.73
3/15/2023,389.28
3/16/2023,396.11
3/17/2023,389.99
3/20/2023,393.74
3/21/2023,398.91
3/22/2023,392.11
3/23/2023,393.17
3/24/2023,395.75
3/27/2023,396.49
3/28/2023,395.6
3/29/2023,401.35
3/30/2023,403.7
3/31/2023,409.39
4/3/2023,410.95
4/4/2023,408.67
4/5/2023,407.6
4/6/2023,409.19
4/10/2023,409.61
4/11/2023,409.72
4/12/2023,408.05
4/13/2023,413.47
4/14/2023,412.46
4/17/2023,413.94
4/18/2023,414.21
4/19/2023,414.14
4/20/2023,411.88
4/21/2023,412.2
4/24/2023,412.63
4/25/2023,406.08
4/26/2023,404.36
4/27/2023,412.41
4/28/2023,415.93
5/1/2023,415.51
5/2/2023,410.84
5/3/2023,408.02
5/4/2023,405.13
5/5/2023,412.63
5/8/2023,412.74
5/9/2023,410.93
5/10/2023,412.85
5/11/2023,412.13
5/12/2023,411.59
5/15/2023,413.01
5/16/2023,410.25
5/17/2023,415.23
5/18/2023,419.23
5/19/2023,418.62
5/22/2023,418.79
5/23/2023,414.09
5/24/2023,411.09
5/25/2023,414.65
5/26/2023,420.02
5/30/2023,420.18
5/31/2023,417.85
6/1/2023,421.82
6/2/2023,427.92
6/5/2023,427.1
6/6/2023,428.03
6/7/2023,426.55
6/8/2023,429.13
6/9/2023,429.9
6/12/2023,433.8
6/13/2023,436.66
6/14/2023,437.18
6/15/2023,442.6
6/16/2023,439.46
6/20/2023,437.18
6/21/2023,434.94
6/22/2023,436.51
6/23/2023,433.21
6/26/2023,431.44
6/27/2023,436.17
6/28/2023,436.39
6/29/2023,438.11
6/30/2023,443.28
7/3/2023,443.79
7/5/2023,443.13
7/6/2023,439.66
7/7/2023,438.55
7/10/2023,439.66
7/11/2023,442.46
7/12/2023,446.02
7/13/2023,449.56
7/14/2023,449.28
7/17/2023,450.84
7/18/2023,454.19
7/19/2023,455.2
7/20/2023,452.18
7/21/2023,452.18
7/24/2023,454.2
7/25/2023,455.44
7/26/2023,455.51
7/27/2023,452.49
7/28/2023,456.92
7/31/2023,457.79
8/1/2023,456.48
8/2/2023,450.13
8/3/2023,448.84
8/4/2023,446.81
8/7/2023,450.71
8/8/2023,448.75
8/9/2023,445.75
8/10/2023,445.91
8/11/2023,445.65
8/14/2023,448.11
8/15/2023,442.89
8/16/2023,439.64
8/17/2023,436.29
8/18/2023,436.5
8/21/2023,439.34
8/22/2023,438.15
8/23/2023,443.03
8/24/2023,436.89
8/25/2023,439.97
8/28/2023,442.76
8/29/2023,449.16
8/30/2023,451.01
8/31/2023,450.35
9/1/2023,451.19
9/5/2023,449.24
9/6/2023,446.22
9/7/2023,444.85
9/8/2023,445.52
9/11/2023,448.45
9/12/2023,445.99
9/13/2023,446.51
9/14/2023,450.36
9/15/2023,443.37
9/18/2023,443.63
9/19/2023,442.71
9/20/2023,438.64
9/21/2023,431.39
9/22/2023,430.42
9/25/2023,432.23
9/26/2023,425.88
9/27/2023,426.05
9/28/2023,428.52
9/29/2023,427.48
10/2/2023,427.31
10/3/2023,421.59
10/4/2023,424.66
10/5/2023,424.5
10/6/2023,429.54
10/9/2023,432.29
10/10/2023,434.54
10/11/2023,436.32
10/12/2023,433.66
10/13/2023,431.5
10/16/2023,436.04
10/17/2023,436.02
10/18/2023,430.21
10/19/2023,426.43
10/20/2023,421.19
10/23/2023,420.46
10/24/2023,423.63
10/25/2023,417.55
10/26/2023,412.55
10/27/2023,410.68
10/30/2023,415.59
10/31/2023,418.2
11/1/2023,422.66
11/2/2023,430.76
11/3/2023,434.69
11/6/2023,435.69
11/7/2023,436.93
11/8/2023,437.25
11/9/2023,433.84
11/10/2023,440.61
11/13/2023,440.19
11/14/2023,448.73
11/15/2023,449.68
11/16/2023,450.23
11/17/2023,450.79
11/20/2023,454.26
11/21/2023,453.27
11/22/2023,455.02
11/24/2023,455.3
11/27/2023,454.48
11/28/2023,454.93
11/29/2023,454.61
11/30/2023,456.4
12/1/2023,459.1
12/4/2023,456.69
12/5/2023,456.6
12/6/2023,454.76
12/7/2023,458.23
12/8/2023,460.2
12/11/2023,461.99
12/12/2023,464.1
12/13/2023,470.5
12/14/2023,472.01
12/15/2023,469.33
12/18/2023,471.97
12/19/2023,474.84
12/20/2023,468.26
12/21/2023,472.7
12/22/2023,473.65
12/26/2023,475.65
12/27/2023,476.51
12/28/2023,476.69
12/29/2023,475.31
1/2/2024,472.65
1/3/2024,468.79
1/4/2024,467.28
1/5/2024,467.92
1/8/2024,474.6
1/9/2024,473.88
1/10/2024,476.56
1/11/2024,476.35
1/12/2024,476.68
1/16/2024,474.93
1/17/2024,472.29
1/18/2024,476.49
1/19/2024,482.43
1/22/2024,483.45
1/23/2024,484.86
1/24/2024,485.39
1/25/2024,488.03
1/26/2024,487.41
1/29/2024,491.27
1/30/2024,490.89
1/31/2024,482.88
2/1/2024,489.2
2/2/2024,494.35
2/5/2024,492.55
2/6/2024,493.98
2/7/2024,498.1
2/8/2024,498.32
2/9/2024,501.2
2/12/2024,500.98
2/13/2024,494.08
2/14/2024,498.57
2/15/2024,502.01
2/16/2024,499.51
2/20/2024,496.76
2/21/2024,497.21
2/22/2024,507.5
2/23/2024,507.85
2/26/2024,505.99
2/27/2024,506.93
2/28/2024,506.26
2/29/2024,508.08
3/1/2024,512.85
3/4/2024,512.3
3/5/2024,507.18
3/6/2024,509.75
3/7/2024,514.81
3/8/2024,511.72
3/11/2024,511.28
3/12/2024,516.78
3/13/2024,515.97
3/14/2024,514.95
3/15/2024,509.83
3/18/2024,512.86
3/19/2024,515.71
3/20/2024,520.48
3/21/2024,522.2
3/22/2024,521.21
3/25/2024,519.77
3/26/2024,518.81
3/27/2024,523.17
3/28/2024,523.07
4/1/2024,522.16
4/2/2024,518.84
4/3/2024,519.41
4/4/2024,513.07
4/5/2024,518.43
4/8/2024,518.72
4/9/2024,519.32
4/10/2024,514.12
4/11/2024,518
4/12/2024,510.85
4/15/2024,504.45
4/16/2024,503.53
4/17/2024,500.55
4/18/2024,499.52
4/19/2024,495.16
4/22/2024,499.72
4/23/2024,505.65
4/24/2024,505.41
4/25/2024,503.49
4/26/2024,508.26
4/29/2024,510.06
4/30/2024,501.98
5/1/2024,500.35
5/2/2024,505.03
5/3/2024,511.29
5/6/2024,516.57
5/7/2024,517.14
5/8/2024,517.19
5/9/2024,520.17
5/10/2024,520.84
5/13/2024,520.91
5/14/2024,523.3
5/15/2024,529.78
5/16/2024,528.69
5/17/2024,529.45
5/20/2024,530.06
5/21/2024,531.36
5/22/2024,529.83
5/23/2024,525.96
5/24/2024,529.44
5/28/2024,529.81
5/29/2024,526.1
5/30/2024,522.61
5/31/2024,527.37
6/3/2024,527.8
6/4/2024,528.39
6/5/2024,534.67
6/6/2024,534.66
6/7/2024,534.01
6/10/2024,535.66
6/11/2024,536.95
6/12/2024,541.36
6/13/2024,542.45
6/14/2024,542.78
6/17/2024,547.1
6/18/2024,548.49
6/20/2024,547
6/21/2024,544.51
6/24/2024,542.74
6/25/2024,544.83
6/26/2024,545.51
6/27/2024,546.37
6/28/2024,544.22
7/1/2024,545.34
7/2/2024,549.01
7/3/2024,551.46
7/5/2024,554.64
7/8/2024,555.28
7/9/2024,555.82
7/10/2024,561.32
7/11/2024,556.48
7/12/2024,559.99
7/15/2024,561.53
7/16/2024,564.86
7/17/2024,556.94
7/18/2024,552.66
7/19/2024,548.99
7/22/2024,554.65
7/23/2024,553.78
7/24/2024,541.23
7/25/2024,538.41
7/26/2024,544.44
7/29/2024,544.76
7/30/2024,542
7/31/2024,550.81
8/1/2024,543.01
8/2/2024,532.9
8/5/2024,517.38
8/6/2024,522.15
8/7/2024,518.66
8/8/2024,530.65
8/9/2024,532.99
8/12/2024,533.27
8/13/2024,542.04
8/14/2024,543.75
8/15/2024,553.07
8/16/2024,554.31
8/19/2024,559.61
8/20/2024,558.7
8/21/2024,560.62
8/22/2024,556.22
8/23/2024,562.13
8/26/2024,560.79
8/27/2024,561.56
8/28/2024,558.3
8/29/2024,558.35
8/30/2024,563.68
9/3/2024,552.08
9/4/2024,550.95
9/5/2024,549.61
9/6/2024,540.36
9/9/2024,546.41
9/10/2024,548.79
9/11/2024,554.42
9/12/2024,559.09
9/13/2024,562.01
9/16/2024,562.84
9/17/2024,563.07
9/18/2024,561.4
9/19/2024,570.98
9/20/2024,568.25
9/23/2024,569.67
9/24/2024,571.3
9/25/2024,570.04
9/26/2024,572.3
9/27/2024,571.47
9/30/2024,573.76
10/1/2024,568.62
10/2/2024,568.86
10/3/2024,567.82
10/4/2024,572.98
10/7/2024,567.8
10/8/2024,573.17
10/9/2024,577.14
10/10/2024,576.13
10/11/2024,579.58
10/14/2024,584.32
10/15/2024,579.78
10/16/2024,582.3
10/17/2024,582.35
10/18/2024,584.59
10/21/2024,583.63
10/22/2024,583.32
10/23/2024,577.99
10/24/2024,579.24
10/25/2024,579.04
10/28/2024,580.83
10/29/2024,581.77
10/30/2024,580.01
10/31/2024,568.64
11/1/2024,571.04
11/4/2024,569.81
11/5/2024,576.7
11/6/2024,591.04
11/7/2024,595.61
11/8/2024,598.19
11/11/2024,598.76
11/12/2024,596.9
11/13/2024,597.19
11/14/2024,593.35
11/15/2024,585.75
11/18/2024,588.15
11/19/2024,590.3
11/20/2024,590.5
11/21/2024,593.67
11/22/2024,595.51
11/25/2024,597.53
11/26/2024,600.65
11/27/2024,598.83
11/29/2024,602.55
12/2/2024,603.63
12/3/2024,603.91
12/4/2024,607.66
12/5/2024,606.66
12/6/2024,607.81
12/9/2024,604.68
12/10/2024,602.8
12/11/2024,607.46
12/12/2024,604.33
12/13/2024,604.21
12/16/2024,606.79
12/17/2024,604.29
12/18/2024,586.28
12/19/2024,586.1
12/20/2024,591.15
12/23/2024,594.69
12/24/2024,601.3
12/26/2024,601.34
12/27/2024,595.01
12/30/2024,588.22
12/31/2024,586.08
1/2/2025,584.64
1/3/2025,591.95
1/6/2025,595.36
1/7/2025,588.63
1/8/2025,589.49
1/10/2025,580.49
1/13/2025,581.39
1/14/2025,582.19
1/15/2025,592.78
1/16/2025,591.64
1/17/2025,597.58
1/21/2025,603.05
1/22/2025,606.44
1/23/2025,609.75
1/24/2025,607.97
1/27/2025,599.37
1/28/2025,604.52
1/29/2025,601.81
1/30/2025,605.04
1/31/2025,601.82
2/3/2025,597.77
2/4/2025,601.78
2/5/2025,604.22
2/6/2025,606.32
2/7/2025,600.77
2/10/2025,604.85
2/11/2025,605.31
2/12/2025,603.36
2/13/2025,609.73
2/14/2025,609.7
2/18/2025,611.49
2/19/2025,612.93
2/20/2025,610.38
2/21/2025,599.94
2/24/2025,597.21
2/25/2025,594.24
2/26/2025,594.54
2/27/2025,585.05
2/28/2025,594.18
3/3/2025,583.77
3/4/2025,576.86
3/5/2025,583.06
3/6/2025,572.71
3/7/2025,575.92
3/10/2025,560.58
3/11/2025,555.92
3/12/2025,558.87
3/13/2025,551.42
3/14/2025,562.81
3/17/2025,567.15
3/18/2025,561.02
3/19/2025,567.13
3/20/2025,565.49
3/21/2025,563.98
3/24/2025,574.08
3/25/2025,575.46
3/26/2025,568.59
3/27/2025,567.08
3/28/2025,555.66
3/31/2025,559.39
4/1/2025,560.97
4/2/2025,564.52
4/3/2025,536.7
4/4/2025,505.28
